sub,expected,acq,bids,eda,json,tc,glm_ready,qc_rows,qc_include,status,missing_scl
sub-0007,5,1,0,0,0,0,0,0,0,NOT_BIDS,
sub-0008,5,1,0,0,0,0,0,0,0,NOT_BIDS,
sub-0009,6,1,0,0,0,0,0,0,0,NOT_BIDS,
sub-0010,6,1,0,0,0,0,0,0,0,NOT_BIDS,
sub-0011,4,1,0,0,0,0,0,0,0,NOT_BIDS,
sub-0013,5,1,0,0,0,0,0,0,0,NOT_BIDS,
sub-0014,4,1,0,0,0,0,0,0,0,NOT_BIDS,
sub-0015,2,1,2,2,2,2,2,2,2,OK,
sub-0016,5,1,5,5,5,5,5,5,4,OK,
sub-0017,4,1,2,2,2,2,2,2,1,OK,
sub-0018,6,0,0,0,0,0,0,0,0,NO_ACQ,
sub-0019,6,0,0,0,0,0,0,0,0,NO_ACQ,
sub-0020,5,0,0,0,0,0,0,0,0,NO_ACQ,
sub-0021,4,0,0,0,0,0,0,0,0,NO_ACQ,
sub-0023,5,0,0,0,0,0,0,0,0,NO_ACQ,
sub-0024,2,0,0,0,0,0,0,0,0,NO_ACQ,
sub-0025,6,0,0,0,0,0,0,0,0,NO_ACQ,
sub-0026,5,1,3,3,3,3,3,3,0,OK,
sub-0028,2,1,2,2,2,2,2,2,1,OK,
sub-0029,6,1,6,0,0,0,0,5,0,NO_SCL,ses-01_run-02 ses-01_run-04 ses-03_run-01 ses-03_run-06 ses-04_run-01 ses-04_run-05
sub-0030,2,1,2,2,2,2,2,0,0,NEEDS_QC,
sub-0031,6,1,4,4,4,4,4,4,2,OK,
sub-0032,6,1,6,6,6,6,6,6,1,OK,
sub-0033,6,1,4,4,4,4,4,4,3,OK,
sub-0034,6,1,6,6,6,6,6,2,1,OK,
sub-0035,4,1,4,4,4,4,4,4,2,OK,
sub-0036,6,1,6,6,6,6,6,6,4,OK,
sub-0037,6,1,6,6,6,6,6,6,6,OK,
sub-0038,6,1,4,4,4,4,4,4,1,OK,
sub-0039,6,1,6,6,6,6,6,4,2,OK,
sub-0040,4,1,4,4,4,4,4,0,0,NEEDS_QC,
sub-0041,4,1,4,4,4,4,4,2,2,OK,
sub-0043,6,1,4,4,4,4,4,4,1,OK,
sub-0044,6,1,6,6,6,6,6,6,2,OK,
sub-0046,6,1,6,6,6,6,6,0,0,NEEDS_QC,
sub-0047,2,1,2,2,2,2,2,1,0,OK,
sub-0050,6,1,6,6,6,6,6,0,0,NEEDS_QC,
sub-0051,6,1,6,6,6,6,6,6,5,OK,
sub-0052,6,1,6,6,6,6,6,6,1,OK,
sub-0053,6,1,6,6,6,6,6,4,3,OK,
sub-0055,6,1,6,6,6,6,6,6,3,OK,
sub-0056,6,1,4,4,4,4,4,4,3,OK,
sub-0057,6,1,6,0,0,0,0,6,3,NO_SCL,ses-01_run-03 ses-01_run-04 ses-03_run-02 ses-03_run-05 ses-04_run-01 ses-04_run-06
sub-0058,6,1,6,6,6,6,6,6,3,OK,
sub-0059,4,1,4,4,4,4,4,4,3,OK,
sub-0060,6,1,6,2,2,2,2,0,0,PARTIAL,ses-03_run-03 ses-03_run-04 ses-04_run-02 ses-04_run-05
sub-0061,6,1,6,6,6,6,6,6,4,OK,
sub-0062,6,1,4,4,4,4,4,4,1,OK,
sub-0063,1,1,1,1,1,1,1,1,1,OK,
sub-0064,2,1,2,2,2,2,2,2,2,OK,
sub-0065,6,1,6,5,5,5,5,0,0,PARTIAL,ses-04_run-06
sub-0066,1,1,0,0,0,0,0,0,0,NOT_BIDS,
sub-0068,2,1,2,2,2,2,2,2,2,OK,
sub-0069,2,1,2,0,0,0,0,2,0,NO_SCL,ses-01_run-02 ses-01_run-04
sub-0070,2,1,0,0,0,0,0,0,0,NOT_BIDS,
sub-0071,0,1,0,0,0,0,0,0,0,NOT_BIDS,
sub-0073,6,1,6,6,6,6,6,6,4,OK,
sub-0074,6,1,6,6,6,6,6,6,4,OK,
sub-0075,2,1,2,2,2,2,2,0,0,NEEDS_QC,
sub-0076,2,1,2,2,2,2,2,2,2,OK,
sub-0077,4,1,2,2,2,2,2,2,2,OK,
sub-0078,6,1,4,4,4,4,4,4,3,OK,
sub-0079,4,1,4,4,4,4,4,4,3,OK,
sub-0080,6,1,6,6,6,6,6,0,0,NEEDS_QC,
sub-0081,6,1,6,6,6,6,6,6,2,OK,
sub-0082,2,1,2,2,2,2,2,2,2,OK,
sub-0083,5,1,4,4,4,4,4,4,1,OK,
sub-0084,4,1,4,4,4,4,4,4,2,OK,
sub-0085,2,1,2,2,2,2,2,2,1,OK,
sub-0086,6,1,4,4,4,4,4,4,0,OK,
sub-0087,6,1,6,6,6,6,6,6,2,OK,
sub-0088,6,1,4,4,4,4,4,4,1,OK,
sub-0089,5,1,2,2,2,2,2,2,1,OK,
sub-0090,6,1,6,6,6,6,6,0,0,NEEDS_QC,
sub-0091,6,1,6,6,6,6,6,6,6,OK,
sub-0092,6,1,6,6,6,6,6,6,5,OK,
sub-0093,6,1,6,6,6,6,6,6,2,OK,
sub-0094,6,1,6,6,6,6,6,6,5,OK,
sub-0095,6,1,6,6,6,6,6,5,5,OK,
sub-0097,2,1,2,2,2,2,2,2,2,OK,
sub-0098,6,1,4,4,4,4,4,4,0,OK,
sub-0099,6,1,6,6,6,6,6,6,6,OK,
sub-0100,6,1,6,6,6,6,6,0,0,NEEDS_QC,
sub-0101,6,1,4,4,4,4,4,4,4,OK,
sub-0102,6,1,6,6,6,6,6,6,6,OK,
sub-0103,5,1,5,5,5,5,5,4,3,OK,
sub-0104,6,1,6,6,6,6,6,6,4,OK,
sub-0105,6,1,6,6,6,6,6,0,0,NEEDS_QC,
sub-0106,6,1,6,6,6,6,6,6,6,OK,
sub-0107,6,1,4,4,4,4,4,2,2,OK,
sub-0109,6,1,6,6,6,6,6,6,6,OK,
sub-0111,6,1,6,6,6,6,6,6,6,OK,
sub-0112,5,1,4,4,4,4,4,6,3,OK,
sub-0114,2,1,2,2,2,2,2,2,2,OK,
sub-0115,6,1,4,4,4,4,4,4,4,OK,
sub-0116,6,1,6,6,6,6,6,5,5,OK,
sub-0117,2,1,2,2,2,2,2,0,0,NEEDS_QC,
sub-0118,2,1,2,2,2,2,2,2,2,OK,
sub-0119,2,1,2,2,2,2,2,2,2,OK,
sub-0120,2,1,2,2,2,2,2,0,0,NEEDS_QC,
sub-0122,6,1,4,1,1,1,1,0,0,PARTIAL,ses-01_run-05 ses-04_run-03 ses-04_run-04
sub-0123,2,1,0,0,0,0,0,0,0,NOT_BIDS,
sub-0124,6,1,6,0,0,0,0,0,0,NO_SCL,ses-01_run-02 ses-01_run-04 ses-03_run-03 ses-03_run-06 ses-04_run-01 ses-04_run-05
sub-0126,6,1,4,0,0,0,0,0,0,NO_SCL,ses-03_run-02 ses-03_run-05 ses-04_run-01 ses-04_run-06
sub-0127,6,1,6,6,6,6,6,2,2,OK,
sub-0128,6,1,6,0,0,0,0,0,0,NO_SCL,ses-01_run-03 ses-01_run-04 ses-03_run-01 ses-03_run-06 ses-04_run-02 ses-04_run-05
sub-0129,6,1,6,6,6,6,6,4,4,OK,
sub-0130,6,1,6,6,6,6,6,0,0,NEEDS_QC,
sub-0131,4,1,4,4,4,4,4,1,1,OK,
sub-0132,6,1,6,6,6,6,6,0,0,NEEDS_QC,
sub-0133,6,1,6,6,6,6,6,0,0,NEEDS_QC,
